{"noiseKey":{"private":{"type":"Buffer","data":"QBOXq9OW/pLNQfXDxzwcqT4TmzmSK4WQ5/kNsrvBbm4="},"public":{"type":"Buffer","data":"6O2kT6rE1oeIeSANekrlfPEI+auB/7MZREIze56hH2U="}},"pairingEphemeralKeyPair":{"private":{"type":"Buffer","data":"GHjzU0OX546/wXIoFSoFqLHrqIyHvpi3Yiceafb81Fk="},"public":{"type":"Buffer","data":"o8sRq1OyNraLXpX3f+hztVzqxjiLQbN/SPRAWP+Z9jY="}},"signedIdentityKey":{"private":{"type":"Buffer","data":"0AGiPR9Sdc7YDFt+4pro5vRACOAC0vKS4/crNK8v03w="},"public":{"type":"Buffer","data":"LGH2GNiZ9NeR9umLmAkp5UV1umtP701H1BNBMbhDtmc="}},"signedPreKey":{"keyPair":{"private":{"type":"Buffer","data":"yLhI6Y8QmxS8R6NAzF/NnaiYTqlY9lhLVKqkViGzen8="},"public":{"type":"Buffer","data":"qxhmMTUtHYY1OIuM+BS8fgmuVgLy5UOfCLGDvaqFNg8="}},"signature":{"type":"Buffer","data":"TbISHwgu+nu6uOIPi2bGSesrZzKhgD/UCoILQ4rFX4rocu+QTO11BVFnhZ05vp9f7fgXTPYkUnf8aO3Rs+JbiA=="},"keyId":1},"registrationId":55,"advSecretKey":"DmTpluH8KTmrajctpUHZFJdySomSv9u0iJf51VSDO4I=","processedHistoryMessages":[{"key":{"remoteJid":"966509138137@s.whatsapp.net","fromMe":true,"id":"3A00F34688F375377838"},"messageTimestamp":1752010518},{"key":{"remoteJid":"966509138137@s.whatsapp.net","fromMe":true,"id":"3A628A8C09C9601EDF1D"},"messageTimestamp":1752010518},{"key":{"remoteJid":"966509138137@s.whatsapp.net","fromMe":true,"id":"3AE7822DE64CA5BFC7C3"},"messageTimestamp":1752010525},{"key":{"remoteJid":"966509138137@s.whatsapp.net","fromMe":true,"id":"3ACED7846AECC588A2F7"},"messageTimestamp":1752010525}],"nextPreKeyId":31,"firstUnuploadedPreKeyId":31,"accountSyncCounter":1,"accountSettings":{"unarchiveChats":false},"deviceId":"mmmZidPlRGSBe-b4x9IpIw","phoneId":"e561cefd-eb3d-4e24-b876-93526b7986e9","identityId":{"type":"Buffer","data":"ImHEbzNBfv7hwJ7HV9jt4xwEqRI="},"registered":false,"backupToken":{"type":"Buffer","data":"POMTubgVaHzPIrR6R221PaAJhXk="},"registration":{},"account":{"details":"CJCt/dAHEJCetsMGGAEgACgA","accountSignatureKey":"ngfTZItMHrNGQGfi68US3sQKUDmiZW38UKJjhrFLp2w=","accountSignature":"Vp05/Bn6GGA8Ga8hrgOG0J7oD4M5xb7hc0mX4kpQ9YOJRcFihPIQWrgaW7Os9q2tq8uvgSEKD3R3d53+c5w0iA==","deviceSignature":"tJvfi4gA9pcF8WoS3S7Ymr+6VgT62AsoODVTvCSZxZ8wqdpMrPHocW/mIGAoMiVgZ35pZGUvoSl32WhVrXGGhw=="},"me":{"id":"966509138137:13@s.whatsapp.net","name":"ALI"},"signalIdentities":[{"identifier":{"name":"966509138137:13@s.whatsapp.net","deviceId":0},"identifierKey":{"type":"Buffer","data":"BZ4H02SLTB6zRkBn4uvFEt7EClA5omVt/FCiY4axS6ds"}}],"platform":"iphone","lastAccountSyncTimestamp":1752010532,"myAppStateKeyId":"AAAAAI0o"}