{"_sessions":{"Baa0Vzfbz4jWV9+6I9FBYpRLDilLw9+3O8Se2sB7ZCYM":{"registrationId":1705002414,"currentRatchet":{"ephemeralKeyPair":{"pubKey":"BetZUzESPJMG/Ywkx5NivxgfuSx/mKgzJJwUN9cYsxJj","privKey":"2CbZZ8+TCZd9I5Uaq7+2+8JTRLujh2ba1DgN3IPCyUg="},"lastRemoteEphemeralKey":"BWUUnMJkBLGPYw/gvZ45VOH0iNoAii2cNIyGTdXlkRcE","previousCounter":0,"rootKey":"Cjd+fgVFpKC/vFjkEUDpYEnzG9IVr+auhWFgQwJ0h38="},"indexInfo":{"baseKey":"Baa0Vzfbz4jWV9+6I9FBYpRLDilLw9+3O8Se2sB7ZCYM","baseKeyType":2,"closed":-1,"used":1752010813002,"created":1752010813002,"remoteIdentityKey":"BbdXRpbNsTsCa5aEdCp/6SHu2z8qbCwGyGo3bcdMktl+"},"_chains":{"BWUUnMJkBLGPYw/gvZ45VOH0iNoAii2cNIyGTdXlkRcE":{"chainKey":{"counter":0,"key":"H0Vxv3kjH6pCAHNWjYaAFNWoZiHnjBny4dqjxswfbXA="},"chainType":2,"messageKeys":{}},"BetZUzESPJMG/Ywkx5NivxgfuSx/mKgzJJwUN9cYsxJj":{"chainKey":{"counter":-1,"key":"/lAj+nG40pnFpmAhdJgHTz4A+alIq7TCTXEfkmQ1GPM="},"chainType":1,"messageKeys":{}}}}},"version":"v1"}