{"_sessions":{"BSScaAaR391dVEd7h/ZabLY/a1HiRvKS873+MaSv5oZX":{"registrationId":1712564894,"currentRatchet":{"ephemeralKeyPair":{"pubKey":"BcDvj3W9M4GKKK58S4euKPDwq/RLRemdiz+u642p8p8T","privKey":"GFWpQDDc4JVkeV0Dq96+DxA4Hs7giSCqgeq+7revvWs="},"lastRemoteEphemeralKey":"BQ9JjpMLLe4FWOgsD8MQQW/83n6en0ms+m6B5IP1nekO","previousCounter":0,"rootKey":"VvRs7EtHCNFEjHbgGtg+2+9DxI3L41T3/gXjji3KVl0="},"indexInfo":{"baseKey":"BSScaAaR391dVEd7h/ZabLY/a1HiRvKS873+MaSv5oZX","baseKeyType":2,"closed":-1,"used":1752010517109,"created":1752010517109,"remoteIdentityKey":"BZ4H02SLTB6zRkBn4uvFEt7EClA5omVt/FCiY4axS6ds"},"_chains":{"BQ9JjpMLLe4FWOgsD8MQQW/83n6en0ms+m6B5IP1nekO":{"chainKey":{"counter":6,"key":"5Y3Bmth3Qr8Q8wgHcwf0rMPIuOhVpgOUoKWQ6dXPVww="},"chainType":2,"messageKeys":{}},"BcDvj3W9M4GKKK58S4euKPDwq/RLRemdiz+u642p8p8T":{"chainKey":{"counter":-1,"key":"cnL6rJlyapdFXBdM3Sgwa1r3N/RxfQdVbCt/Nyi892I="},"chainType":1,"messageKeys":{}}}}},"version":"v1"}